provider number,hospital name,address1,city,state,zip code,county name,phone number,hospital type,hospital owner,emergency service,condition,measure code,measure name,score,sample,stateavg
10050,SOUTHEAST ALABAMA MEDICAL CENTER,1108 ROSS CLARK CIRCLE,DOTHAN,AL,36301,HOUSTON,3347935000,Acute Care Hospitals,Proprietary,Yes,Heart Attack,AMI-7A,Heart Attack Patients Given Fibrinolytic Medication Within 30 Minutes Of Arrival,75%,30 patients,AL_AMI-7A
10050,SOUTHEAST ALABAMA MEDICAL CENTER,1108 ROSS CLARK CIRCLE,DOTHAN,AL,36301,HOUSTON,3347935000,Acute Care Hospitals,Proprietary,Yes,Pneumonia,PN-5C,Pneumonia Patients Given Initial Antibiotic(s) within 6 Hours After Arrival,97%,40 patients,AL_PN-5C
10051,FLORENCE HOSPITAL,201 S IRONWOOD DRIVE,FLORENCE,AL,35630,LAUDERDALE,2567672000,Acute Care Hospitals,Proprietary,Yes,Heart Attack,AMI-8A,Heart Attack Patients Given PCI Within 90 Minutes Of Arrival,85%,20 patients,AL_AMI-8A
10051,FLORENCE HOSPITAL,201 S IRONWOOD DRIVE,FLORENCE,AL,35630,LAUDERDALE,2567672000,Acute Care Hospitals,Proprietary,Yes,Pneumonia,PN-6,Pneumonia Patients Who Received Appropriate Antibiotic(s) Within 24 Hours,92%,50 patients,AL_PN-6
10052,BIRMINGHAM MEDICAL CENTER,1234 2ND AVENUE SOUTH,BIRMINGHAM,AL,35233,JEFFERSON,2059342000,Acute Care Hospitals,Public,Yes,Heart Attack,AMI-5,Heart Attack Patients Given Beta Blocker at Discharge,90%,15 patients,AL_AMI-5
10053,MOBILE INFIRMARY MEDICAL CENTER,5 MOBILE INFLMRY BLVD,MOBILE,AL,36607,MOBILE,2514352000,Acute Care Hospitals,Proprietary,Yes,Heart Attack,AMI-4,Heart Attack Patients Given Smoking Cessation Advice/Counseling,95%,23 patients,AL_AMI-4
10054,HUNTSVILLE HOSPITAL,101 S HUNTSVILLE HOSPITAL DRIVE,HUNTSVILLE,AL,35801,MADISON,2562651000,Acute Care Hospitals,Public,Yes,Pneumonia,PN-5C,Pneumonia Patients Given Initial Antibiotic(s) within 6 Hours After Arrival,96%,60 patients,AL_PN-5C
10055,TUSCALOOSA MEDICAL CENTER,2700 HOSPITAL DRIVE,TUSCALOOSA,AL,35401,TUSCALOOSA,2057597000,Acute Care Hospitals,Proprietary,Yes,Heart Attack,AMI-8A,Heart Attack Patients Given PCI Within 90 Minutes Of Arrival,88%,22 patients,AL_AMI-8A
10056,DECATUR MORGAN HOSPITAL,1202 14TH STREET SE,DECATUR,AL,35601,MORGAN,2569732000,Acute Care Hospitals,Public,Yes,Heart Attack,AMI-7A,Heart Attack Patients Given Fibrinolytic Medication Within 30 Minutes Of Arrival,80%,25 patients,AL_AMI-7A
10057,ANNISTON REGIONAL MEDICAL CENTER,1001 LEIGHTON AVENUE,ANNISTON,AL,36207,CALHOUN,2562355000,Acute Care Hospitals,Proprietary,Yes,Pneumonia,PN-6,Pneumonia Patients Who Received Appropriate Antibiotic(s) Within 24 Hours,93%,45 patients,AL_PN-6
10058,SELMA MEDICAL CENTER,1000 MEDICAL CENTER DRIVE,SELMA,AL,36701,DALLAS,3348747000,Acute Care Hospitals,Public,Yes,Heart Attack,AMI-5,Heart Attack Patients Given Beta Blocker at Discharge,89%,18 patients,AL_AMI-5
10059,TALLADEGA HEALTHCARE,300 HOSPITAL DRIVE,TALLADEGA,AL,35160,TALLADEGA,2567612000,Acute Care Hospitals,Proprietary,Yes,Pneumonia,PN-5C,Pneumonia Patients Given Initial Antibiotic(s) within 6 Hours After Arrival,91%,55 patients,AL_PN-5C
10060,BAY MEDICAL CENTER,400 E 15TH STREET,PANAMA CITY,AL,32401,BAY,8507698341,Acute Care Hospitals,Public,Yes,Heart Attack,AMI-8A,Heart Attack Patients Given PCI Within 90 Minutes Of Arrival,82%,30 patients,AL_AMI-8A
10061,CULLMAN REGIONAL MEDICAL CENTER,1912 ALABAMA HIGHWAY 157,CULLMAN,AL,35058,CULLMAN,2567372000,Acute Care Hospitals,Proprietary,Yes,Heart Attack,AMI-4,Heart Attack Patients Given Smoking Cessation Advice/Counseling,87%,20 patients,AL_AMI-4
10062,LIMESTONE MEDICAL CENTER,400 HIGHWAY 72,ATHENS,AL,35611,LIMESTONE,2562331000,Acute Care Hospitals,Public,Yes,Pneumonia,PN-5C,Pneumonia Patients Given Initial Antibiotic(s) within 6 Hours After Arrival,94%,50 patients,AL_PN-5C
10063,BLOUNT MEMORIAL HOSPITAL,1512 FARRIS AVE,ONEONTA,AL,35121,BLOUNT,2056254673,Acute Care Hospitals,Proprietary,Yes,Heart Attack,AMI-7A,Heart Attack Patients Given Fibrinolytic Medication Within 30 Minutes Of Arrival,81%,35 patients,AL_AMI-7A
10064,NORTH ALABAMA MEDICAL CENTER,1801 ALABAMA HIGHWAY 157,FLORENCE,AL,35630,LAUDERDALE,2567601000,Acute Care Hospitals,Public,Yes,Heart Attack,AMI-8A,Heart Attack Patients Given PCI Within 90 Minutes Of Arrival,86%,28 patients,AL_AMI-8A
10065,SANDERSVILLE MEDICAL CENTER,123 MEDICAL DRIVE,SANDERSVILLE,AL,36776,BULLOCK,3345678000,Acute Care Hospitals,Proprietary,Yes,Pneumonia,PN-6,Pneumonia Patients Who Received Appropriate Antibiotic(s) Within 24 Hours,90%,38 patients,AL_PN-6
10066,BIRMINGHAM CHILDREN'S HOSPITAL,1600 7TH AVE S,BIRMINGHAM,AL,35233,JEFFERSON,2059343000,Pediatric Hospitals,Public,Yes,Heart Attack,AMI-5,Heart Attack Patients Given Beta Blocker at Discharge,78%,10 patients,AL_AMI-5
10067,TUSCALOOSA VA MEDICAL CENTER,3701 LOOP ROAD E,TUSCALOOSA,AL,35404,TUSCALOOSA,2055542000,Veterans Hospitals,Public,Yes,Heart Attack,AMI-4,Heart Attack Patients Given Smoking Cessation Advice/Counseling,92%,15 patients,AL_AMI-4
10050,SOUTHERN ALABAMA MEDICAL CENTER,2500 HOSPITAL DRIVE,DOTHAN,AL,36303,HOUSTON,3347935000,Acute Care Hospitals,Non-Profit,Yes,Stroke,STK-4,Ischemic Stroke Patients Who Received Thrombolytic Therapy,75%,30 patients,AL_STK-4
10051,BIRMINGHAM HEART CLINIC,123 HEART AVENUE,BIRMINGHAM,AL,35205,JEFFERSON,2059326000,Specialty Hospitals,Proprietary,No,Heart Failure,HF-1,Heart Failure Patients Given Discharge Instructions,90%,50 patients,AL_HF-1
10052,NORTH ALABAMA MEDICAL CENTER,200 MEDICAL CENTER DRIVE,FLORENCE,AL,35630,LAUDERDALE,2567672000,Acute Care Hospitals,Non-Profit,Yes,Pneumonia,PN-6,Pneumonia Patients Given Initial Antibiotics Within 6 Hours,92%,60 patients,AL_PN-6
10053,MONTGOMERY MEDICAL CENTER,500 HEALTH PARK DRIVE,MONTGOMERY,AL,36117,MONTGOMERY,3342711000,Acute Care Hospitals,Public,Yes,Heart Attack,AMI-6,Heart Attack Patients Given Aspirin at Arrival,85%,40 patients,AL_AMI-6
10054,TUSCALOOSA VA MEDICAL CENTER,3701 LOOP ROAD EAST,TUSCALOOSA,AL,35404,TUSCALOOSA,2055542000,Veterans Affairs Hospitals,Government,Yes,Heart Failure,HF-3,Heart Failure Patients Given Evaluation of Left Ventricular Function,95%,20 patients,AL_HF-3
10055,SOUTHEAST ALABAMA MEDICAL CENTER,1108 ROSS CLARK CIRCLE,DOTHAN,AL,36301,HOUSTON,3347938000,Acute Care Hospitals,Non-Profit,Yes,Heart Attack,AMI-2,Heart Attack Patients Who Received a Beta Blocker at Arrival,88%,35 patients,AL_AMI-2
10056,BAY MEDICAL CENTER,700 HEALTH PARK DRIVE,PANAMA CITY,FL,32405,BAY,8507638000,Acute Care Hospitals,Proprietary,Yes,Stroke,STK-5,Ischemic Stroke Patients Discharged on Antithrombotic Therapy,78%,10 patients,FL_STK-5
10057,HUNTSVILLE HOSPITAL,101 HOSPITAL DRIVE,HUNTSVILLE,AL,35801,MADISON,2562651000,Acute Care Hospitals,Public,Yes,Heart Failure,HF-2,Heart Failure Patients Who Received an ACE Inhibitor or ARB,82%,15 patients,AL_HF-2
10058,SELMA MEDICAL CENTER,100 HOSPITAL STREET,SELMA,AL,36701,DALLAS,3348748000,Acute Care Hospitals,Non-Profit,Yes,Pneumonia,PN-4,Pneumonia Patients Who Received an Influenza Vaccine,70%,20 patients,AL_PN-4
10059,BIRMINGHAM CHILDREN'S HOSPITAL,1600 7TH AVE SOUTH,BIRMINGHAM,AL,35233,JEFFERSON,2056389100,Pediatric Hospitals,Non-Profit,Yes,Asthma,AS-1,Asthma Patients Given Home Management Plan,92%,25 patients,AL_AS-1
10060,DOTHAN REGIONAL MEDICAL CENTER,123 HOSPITAL DRIVE,DOTHAN,AL,36303,HOUSTON,3347121234,Acute Care Hospitals,Proprietary,Yes,Heart Attack,AMI-3,Heart Attack Patients Who Received a Statin at Discharge,89%,22 patients,AL_AMI-3
10061,MOBILE INfirmary Medical Center,5 MOBILE INFIRMARY CIRCLE,MOBILE,AL,36607,MOBILE,2514353000,Acute Care Hospitals,Non-Profit,Yes,Heart Failure,HF-4,Heart Failure Patients Who Received an Assessment of Heart Function,94%,18 patients,AL_HF-4
10062,JASPER HOSPITAL,100 HOSPITAL AVENUE,JASPER,AL,35501,WALKER,2053847000,Acute Care Hospitals,Public,Yes,Pneumonia,PN-3,Pneumonia Patients Who Received Pneumococcal Vaccination,76%,28 patients,AL_PN-3
10063,BAY MINETTE HOSPITAL,100 HOSPITAL DRIVE,BAY MINETTE,AL,36507,BALDWIN,2519370210,Acute Care Hospitals,Non-Profit,Yes,Heart Attack,AMI-1,Heart Attack Patients Who Received a Fibrinolytic Therapy Within 30 Minutes,81%,20 patients,AL_AMI-1
10064,TALLADEGA HEALTHCARE CENTER,100 HOSPITAL CIRCLE,TALLADEGA,AL,35160,TALLADEGA,2563624100,Acute Care Hospitals,Proprietary,Yes,Heart Failure,HF-5,Heart Failure Patients Who Were Given an ACE Inhibitor,88%,30 patients,AL_HF-5
10065,FLORENCE MEDICAL CENTER,2500 FLORENCE BLVD,FLORENCE,AL,35630,LAUDERDALE,2567682100,Acute Care Hospitals,Public,Yes,Pneumonia,PN-2,Pneumonia Patients Who Were Given a Blood Culture Prior to Antibiotic Administration,95%,40 patients,AL_PN-2
10066,OZARK MEDICAL CENTER,1000 MEDICAL CENTER DRIVE,OZARK,AL,36360,DALE,3347742000,Acute Care Hospitals,Non-Profit,Yes,Heart Attack,AMI-8,Heart Attack Patients Who Received PCI Within 90 Minutes,84%,15 patients,AL_AMI-8
10067,CLAY COUNTY HOSPITAL,100 HOSPITAL ROAD,ASHLAND,AL,36251,CLAY,2563542110,Acute Care Hospitals,Public,Yes,Stroke,STK-3,Ischemic Stroke Patients Who Received Antithrombotic Therapy by End of Hospital Day 2,89%,20 patients,AL_STK-3
10068,LIFEGUARD HOSPITAL,100 LIFEGUARD WAY,MONTGOMERY,AL,36106,MONTGOMERY,3345516000,Acute Care Hospitals,Proprietary,Yes,Pneumonia,PN-1,Pneumonia Patients Who Received an Initial Antibiotic Within 4 Hours,93%,30 patients,AL_PN-1
10069,BLOUNT MEMORIAL HOSPITAL,100 WARD AVE,ONEONTA,AL,35121,BLOUNT,2052743000,Acute Care Hospitals,Public,Yes,Heart Attack,AMI-7,Heart Attack Patients Given Fibrinolytic Medication Within 30 Minutes Of Arrival,80%,10 patients,AL_AMI-7
10070,MARION REGIONAL MEDICAL CENTER,100 HOSPITAL DRIVE,MARION,AL,36756,PERRY,3346836000,Acute Care Hospitals,Non-Profit,Yes,Heart Failure,HF-6,Heart Failure Patients Who Received an Assessment of Left Ventricular Function,91%,12 patients,AL_HF-6
10071,TALLAPOOSA COUNTY HOSPITAL,100 HOSPITAL STREET,Dadeville,AL,36853,TALLAPOOSA,2568252000,Acute Care Hospitals,Public,Yes,Pneumonia,PN-7,Pneumonia Patients Who Received an Influenza Vaccine,74%,18 patients,AL_PN-7
10050,HUNTSVILLE HOSPITAL,101 W HUNTSVILLE AVENUE,HUNTSVILLE,AL,35801,MADISON,2562651000,Acute Care Hospitals,Public,Yes,Heart Attack,AMI-7A,Heart Attack Patients Given Fibrinolytic Medication Within 30 Minutes Of Arrival,72%,30 patients,AL_AMI-7A
10051,BIRMINGHAM MEDICAL CENTER,2500 7TH AVENUE SOUTH,BIRMINGHAM,AL,35233,JEFFERSON,2059344011,Acute Care Hospitals,Non-Profit,Yes,Pneumonia,PN-5C,Pneumonia Patients Given Initial Antibiotic(s) within 6 Hours After Arrival,95%,65 patients,AL_PN-5C
10052,MOBILE INFIRMARY MEDICAL CENTER,5 MOBILE INSTITUTE DRIVE,MOBILE,AL,36607,MOBILE,2514352000,Acute Care Hospitals,Proprietary,Yes,Heart Attack,AMI-8A,Heart Attack Patients Given PCI Within 90 Minutes Of Arrival,88%,20 patients,AL_AMI-8A
10053,DOTHAN REGIONAL MEDICAL CENTER,2880 HOSPITALITY DRIVE,DOTHAN,AL,36303,HOUSTON,3347935000,Acute Care Hospitals,Public,Yes,Heart Attack,AMI-5,Heart Attack Patients Given Beta Blocker at Discharge,95%,10 patients,AL_AMI-5
10054,TUSCALOOSA MEDICAL CENTER,2700 HOSPITAL DRIVE,TUSCALOOSA,AL,35405,TUSCALOOSA,2057597000,Acute Care Hospitals,Non-Profit,Yes,Pneumonia,PN-5C,Pneumonia Patients Given Initial Antibiotic(s) within 6 Hours After Arrival,90%,50 patients,AL_PN-5C
10055,FLORENCE MEDICAL CENTER,123 MEDICAL PARK DRIVE,FLORENCE,AL,35630,LAUDERDALE,2567604000,Acute Care Hospitals,Proprietary,Yes,Heart Attack,AMI-4,Heart Attack Patients Given Smoking Cessation Advice/Counseling,100%,5 patients,AL_AMI-4
10056,PRATTVILLE MEDICAL CENTER,100 MEDICAL CENTER DRIVE,PRATTVILLE,AL,36067,AUTAUGA,3343612000,Acute Care Hospitals,Non-Profit,Yes,Heart Attack,AMI-7A,Heart Attack Patients Given Fibrinolytic Medication Within 30 Minutes Of Arrival,75%,15 patients,AL_AMI-7A
10057,ANNISTON REGIONAL MEDICAL CENTER,1200 HOSPITAL DRIVE,ANNISTON,AL,36207,CALHOUN,2562355000,Acute Care Hospitals,Public,Yes,Pneumonia,PN-5C,Pneumonia Patients Given Initial Antibiotic(s) within 6 Hours After Arrival,92%,40 patients,AL_PN-5C
10058,GULF COAST MEDICAL CENTER,3000 GULF COAST HIGHWAY,ORANGE BEACH,AL,36561,BALDWIN,2519813700,Acute Care Hospitals,Proprietary,Yes,Heart Attack,AMI-8A,Heart Attack Patients Given PCI Within 90 Minutes Of Arrival,82%,18 patients,AL_AMI-8A
10059,DECATUR GENERAL HOSPITAL,123 DECATUR STREET,DECATUR,AL,35601,MORGAN,2563534500,Acute Care Hospitals,Public,Yes,Heart Attack,AMI-4,Heart Attack Patients Given Smoking Cessation Advice/Counseling,97%,25 patients,AL_AMI-4
10060,TROY REGIONAL MEDICAL CENTER,250 HOSPITAL DRIVE,TROY,AL,36081,PIKE,3346705000,Acute Care Hospitals,Non-Profit,Yes,Pneumonia,PN-5C,Pneumonia Patients Given Initial Antibiotic(s) within 6 Hours After Arrival,89%,35 patients,AL_PN-5C
10061,SELMA MEDICAL CENTER,1000 MEDICAL CENTER DRIVE,SELMA,AL,36701,DALLAS,3348748000,Acute Care Hospitals,Proprietary,Yes,Heart Attack,AMI-5,Heart Attack Patients Given Beta Blocker at Discharge,98%,10 patients,AL_AMI-5
10062,MONTGOMERY MEDICAL CENTER,500 HOSPITAL DRIVE,MONTGOMERY,AL,36104,MONTGOMERY,3342936000,Acute Care Hospitals,Public,Yes,Pneumonia,PN-5C,Pneumonia Patients Given Initial Antibiotic(s) within 6 Hours After Arrival,91%,60 patients,AL_PN-5C
10063,BAY MEDICAL CENTER,3000 BAY MEDICAL DRIVE,PANAMA CITY,AL,32401,BAY,8507698341,Acute Care Hospitals,Proprietary,Yes,Heart Attack,AMI-7A,Heart Attack Patients Given Fibrinolytic Medication Within 30 Minutes Of Arrival,74%,22 patients,AL_AMI-7A
10064,BIRMINGHAM CHILDREN'S HOSPITAL,1600 7TH AVENUE SOUTH,BIRMINGHAM,AL,35233,JEFFERSON,2056389100,Children's Hospitals,Non-Profit,Yes,Heart Attack,AMI-8A,Heart Attack Patients Given PCI Within 90 Minutes Of Arrival,85%,14 patients,AL_AMI-8A
10065,NORTH ALABAMA MEDICAL CENTER,100 HOSPITAL DRIVE,FLORENCE,AL,35630,LAUDERDALE,2567604000,Acute Care Hospitals,Public,Yes,Pneumonia,PN-5C,Pneumonia Patients Given Initial Antibiotic(s) within 6 Hours After Arrival,94%,72 patients,AL_PN-5C
10066,TALLADEGA MEDICAL CENTER,100 MEDICAL CENTER DRIVE,TALLADEGA,AL,35160,TALLADEGA,2563621200,Acute Care Hospitals,Proprietary,Yes,Heart Attack,AMI-4,Heart Attack Patients Given Smoking Cessation Advice/Counseling,99%,3 patients,AL_AMI-4
10067,SHELBY BAPTIST MEDICAL CENTER,1000 1ST STREET NE,ALABASTER,AL,35007,SHELBY,2056208100,Acute Care Hospitals,Non-Profit,Yes,Heart Attack,AMI-8A,Heart Attack Patients Given PCI Within 90 Minutes Of Arrival,90%,20 patients,AL_AMI-8A
10068,CULLMAN REGIONAL MEDICAL CENTER,1912 ALABAMA HIGHWAY 157,CULLMAN,AL,35058,CULLMAN,2567372000,Acute Care Hospitals,Public,Yes,Pneumonia,PN-5C,Pneumonia Patients Given Initial Antibiotic(s) within 6 Hours After Arrival,93%,55 patients,AL_PN-5C
10069,EAST ALABAMA MEDICAL CENTER,2000 PEPPERELL PARKWAY,ANNISTON,AL,36203,CALHOUN,2568312000,Acute Care Hospitals,Proprietary,Yes,Heart Attack,AMI-5,Heart Attack Patients Given Beta Blocker at Discharge,96%,12 patients,AL_AMI-5
10050,BIRMINGHAM HEART CLINIC,123 HEART AVENUE,BIRMINGHAM,AL,35203,JEFFERSON,2055551234,Specialty Hospitals,Non-Profit,Yes,Heart Attack,AMI-7A,Heart Attack Patients Given Fibrinolytic Medication Within 30 Minutes Of Arrival,75%,40 patients,AL_AMI-7A
10051,MOBILE MEDICAL CENTER,456 HEALTH STREET,MOBILE,AL,36602,MOBILE,2515555678,Acute Care Hospitals,Proprietary,Yes,Pneumonia,PN-5C,Pneumonia Patients Given Initial Antibiotic(s) within 6 Hours After Arrival,95%,70 patients,AL_PN-5C
10052,HUNTSVILLE MEDICAL GROUP,789 CARE ROAD,HUNTSVILLE,AL,35801,MADISON,2565557890,Acute Care Hospitals,Public,Yes,Heart Attack,AMI-8A,Heart Attack Patients Given PCI Within 90 Minutes Of Arrival,88%,30 patients,AL_AMI-8A
10053,TUSCALOOSA COMMUNITY HOSPITAL,321 COMMUNITY DRIVE,TUSCALOOSA,AL,35401,TUSCALOOSA,2055554321,Acute Care Hospitals,Proprietary,Yes,Heart Attack,AMI-5,Heart Attack Patients Given Beta Blocker at Discharge,90%,10 patients,AL_AMI-5
10054,DOTHAN MEDICAL CENTER,654 MEDICAL PARKWAY,DOTHAN,AL,36301,HOUSTON,3345553456,Acute Care Hospitals,Non-Profit,Yes,Pneumonia,PN-6,Pneumonia Patients Admitted to ICU,92%,50 patients,AL_PN-6
10055,AUBURN MEDICAL FACILITY,987 HEALTHWAY DRIVE,AUBURN,AL,36830,LEE,3345556789,Acute Care Hospitals,Proprietary,Yes,Heart Attack,AMI-4,Heart Attack Patients Given Smoking Cessation Advice/Counseling,85%,15 patients,AL_AMI-4
10056,FLORENCE GENERAL HOSPITAL,135 MEDICAL AVENUE,FLORENCE,AL,35630,LAUDERDALE,2565551235,Acute Care Hospitals,Public,Yes,Pneumonia,PN-5C,Pneumonia Patients Given Initial Antibiotic(s) within 6 Hours After Arrival,98%,80 patients,AL_PN-5C
10057,SELMA MEDICAL CENTER,246 HEALTH STREET,SELMA,AL,36701,DALLAS,3345557892,Acute Care Hospitals,Non-Profit,Yes,Heart Attack,AMI-8A,Heart Attack Patients Given PCI Within 90 Minutes Of Arrival,77%,20 patients,AL_AMI-8A
10058,MONTGOMERY MEDICAL HOSPITAL,159 ELM STREET,MONTGOMERY,AL,36104,MONTGOMERY,3345551230,Acute Care Hospitals,Proprietary,Yes,Heart Attack,AMI-5,Heart Attack Patients Given Beta Blocker at Discharge,95%,5 patients,AL_AMI-5
10059,TALLADEGA MEDICAL CENTER,258 PINE STREET,TALLADEGA,AL,35160,TALLADEGA,2565556780,Acute Care Hospitals,Public,Yes,Pneumonia,PN-6,Pneumonia Patients Admitted to ICU,89%,45 patients,AL_PN-6
10060,DECATUR MEDICAL CENTER,369 OAK AVENUE,DECATUR,AL,35601,MORGAN,2565554320,Acute Care Hospitals,Proprietary,Yes,Heart Attack,AMI-4,Heart Attack Patients Given Smoking Cessation Advice/Counseling,100%,3 patients,AL_AMI-4
10061,GADSDEN HEART HOSPITAL,174 HEARTBEAT LANE,GADSDEN,AL,35904,ETOWAH,2565557893,Specialty Hospitals,Non-Profit,Yes,Heart Attack,AMI-7A,Heart Attack Patients Given Fibrinolytic Medication Within 30 Minutes Of Arrival,82%,22 patients,AL_AMI-7A
10062,CLANTON MEDICAL CENTER,408 MEDICAL WAY,CLANTON,AL,35045,CHILTON,2055556784,Acute Care Hospitals,Proprietary,Yes,Pneumonia,PN-5C,Pneumonia Patients Given Initial Antibiotic(s) within 6 Hours After Arrival,97%,60 patients,AL_PN-5C
10063,BAY MINETTE HOSPITAL,512 BAY STREET,BAY MINETTE,AL,36507,Baldwin,2515554321,Acute Care Hospitals,Public,Yes,Heart Attack,AMI-8A,Heart Attack Patients Given PCI Within 90 Minutes Of Arrival,80%,20 patients,AL_AMI-8A
10064,PRATTVILLE MEDICAL HOSPITAL,625 MAIN STREET,PRATTVILLE,AL,36067,AUTAUGA,3345556781,Acute Care Hospitals,Proprietary,Yes,Heart Attack,AMI-5,Heart Attack Patients Given Beta Blocker at Discharge,85%,10 patients,AL_AMI-5
10065,TUSCALOOSA HEART INSTITUTE,777 HEART WAY,TUSCALOOSA,AL,35401,TUSCALOOSA,2055559876,Specialty Hospitals,Non-Profit,Yes,Heart Attack,AMI-7A,Heart Attack Patients Given Fibrinolytic Medication Within 30 Minutes Of Arrival,91%,35 patients,AL_AMI-7A
10066,BIRMINGHAM PNEUMONIA HOSPITAL,888 AIRWAY AVENUE,BIRMINGHAM,AL,35203,JEFFERSON,2055556543,Specialty Hospitals,Proprietary,Yes,Pneumonia,PN-5C,Pneumonia Patients Given Initial Antibiotic(s) within 6 Hours After Arrival,96%,55 patients,AL_PN-5C
10067,MOBILE HEART CLINIC,222 CARDIO WAY,MOBILE,AL,36602,MOBILE,2515559876,Specialty Hospitals,Non-Profit,Yes,Heart Attack,AMI-8A,Heart Attack Patients Given PCI Within 90 Minutes Of Arrival,86%,25 patients,AL_AMI-8A
10068,HUNTSVILLE PNEUMONIA CENTER,345 BREATHING AVENUE,HUNTSVILLE,AL,35801,MADISON,2565554321,Specialty Hospitals,Public,Yes,Pneumonia,PN-6,Pneumonia Patients Admitted to ICU,94%,65 patients,AL_PN-6
10069,FAYETTE MEDICAL CENTER,111 HEALTH AVENUE,FAYETTE,AL,35555,FAYETTE,2055556789,Acute Care Hospitals,Proprietary,Yes,Heart Attack,AMI-4,Heart Attack Patients Given Smoking Cessation Advice/Counseling,99%,4 patients,AL_AMI-4
10050,SOUTHERN ALABAMA MEDICAL CENTER,101 S MAIN STREET,DOTHAN,AL,36301,HOUSTON,3347935000,Acute Care Hospitals,Non-Profit,Yes,Heart Failure,HF-1,Heart Failure Patients Given Discharge Instructions,90%,30 patients,AL_HF-1
10051,BIRMINGHAM MEDICAL CENTER,2000 6TH AVE SOUTH,BIRMINGHAM,AL,35233,JEFFERSON,2059345000,Acute Care Hospitals,Proprietary,Yes,Pneumonia,PN-6,Pneumonia Patients Given Appropriate Initial Antibiotics,85%,50 patients,AL_PN-6
10052,ANNISTON REGIONAL MEDICAL CENTER,200 E 10TH STREET,ANNISTON,AL,36207,CALHOUN,2562355000,Acute Care Hospitals,Non-Profit,Yes,Heart Attack,AMI-3,Heart Attack Patients Given Aspirin at Arrival,95%,40 patients,AL_AMI-3
10053,TUSCALOOSA MEDICAL CENTER,1201 HARGROVE ROAD E,TUSCALOOSA,AL,35401,TUSCALOOSA,2057597000,Acute Care Hospitals,Proprietary,Yes,Heart Attack,AMI-6,Heart Attack Patients Given Statin at Discharge,88%,15 patients,AL_AMI-6
10054,HUNTSVILLE MEDICAL CENTER,101 S MADISON STREET,HUNTSVILLE,AL,35801,MADISON,2562651000,Acute Care Hospitals,Non-Profit,Yes,Pneumonia,PN-3,Pneumonia Patients Vaccinated Against Pneumococcus,92%,28 patients,AL_PN-3
10055,FLORENCE MEDICAL CENTER,500 S WOOD AVENUE,FLORENCE,AL,35630,LAUDERDALE,2567644000,Acute Care Hospitals,Proprietary,Yes,Heart Failure,HF-2,Heart Failure Patients Who Were Given an Evaluation of Left Ventricular Systolic Function,87%,34 patients,AL_HF-2
10056,MOBILE MEDICAL CENTER,300 MEDICAL PARK DRIVE,MOBILE,AL,36607,MOBILE,2514502000,Acute Care Hospitals,Non-Profit,Yes,Heart Attack,AMI-2,Heart Attack Patients Given Aspirin at Discharge,90%,20 patients,AL_AMI-2
10057,SELMA MEDICAL CENTER,400 ALABAMA AVENUE,SELMA,AL,36701,DALLAS,3348746000,Acute Care Hospitals,Proprietary,Yes,Pneumonia,PN-4,Pneumonia Patients Given Blood Cultures Before Antibiotics,80%,22 patients,AL_PN-4
10058,GADSDEN MEDICAL CENTER,600 GADSDEN AVENUE,GADSDEN,AL,35901,ETOWAH,2565468000,Acute Care Hospitals,Non-Profit,Yes,Heart Attack,AMI-1,Heart Attack Patients Who Received Fibrinolytic Therapy Within 30 Minutes,93%,45 patients,AL_AMI-1
10059,DECATUR MEDICAL CENTER,700 14TH STREET SE,DECATUR,AL,35601,MORGAN,2563531000,Acute Care Hospitals,Proprietary,Yes,Heart Failure,HF-3,Heart Failure Patients Who Had a Follow-Up Visit Within 30 Days,89%,33 patients,AL_HF-3
10060,TALLADEGA MEDICAL CENTER,800 10TH STREET N,TALLADEGA,AL,35160,TALLADEGA,2567616000,Acute Care Hospitals,Non-Profit,Yes,Pneumonia,PN-7,Pneumonia Patients Who Received a Pneumococcal Vaccine,91%,38 patients,AL_PN-7
10061,OXFORD MEDICAL CENTER,900 S QUINTARD AVENUE,OXFORD,AL,36203,CALHOUN,2568312100,Acute Care Hospitals,Proprietary,Yes,Heart Attack,AMI-9,Heart Attack Patients Who Are Given ACE Inhibitors at Discharge,86%,18 patients,AL_AMI-9
10062,MONROEVILLE MEDICAL CENTER,1000 E HOSPITAL AVE,MONROEVILLE,AL,36460,MONROE,2515753000,Acute Care Hospitals,Non-Profit,Yes,Heart Failure,HF-4,Heart Failure Patients Who Received a Home Management Plan,94%,27 patients,AL_HF-4
10063,BAY MINETTE MEDICAL CENTER,1100 HAND AVENUE,BAY MINETTE,AL,36507,Baldwin,2519378000,Acute Care Hospitals,Proprietary,Yes,Pneumonia,PN-8,Pneumonia Patients Who Had a Chest X-Ray Within 24 Hours,90%,25 patients,AL_PN-8
10064,GULF SHORES MEDICAL CENTER,200 E 21ST AVENUE,GULF SHORES,AL,36542,BALDWIN,2519685000,Acute Care Hospitals,Non-Profit,Yes,Heart Attack,AMI-10,Heart Attack Patients Who Received Cardiac Rehabilitation,85%,16 patients,AL_AMI-10
10065,ALEXANDER CITY MEDICAL CENTER,300 S BROADWAY STREET,ALEXANDER CITY,AL,35010,TALLAPOOSA,2562343000,Acute Care Hospitals,Proprietary,Yes,Heart Failure,HF-5,Heart Failure Patients With a Plan of Care Documented,92%,29 patients,AL_HF-5
10066,FAYETTE MEDICAL CENTER,500 1ST AVE NE,FAYETTE,AL,35555,FAYETTE,2059321580,Acute Care Hospitals,Non-Profit,Yes,Pneumonia,PN-9,Pneumonia Patients Who Received a Follow-Up Appointment,89%,31 patients,AL_PN-9
10067,RUSSELLVILLE MEDICAL CENTER,700 N MAIN AVENUE,RUSSELLVILLE,AL,35653,FRANKLIN,2563321300,Acute Care Hospitals,Proprietary,Yes,Heart Attack,AMI-11,Heart Attack Patients Who Received an EKG Within 10 Minutes,91%,20 patients,AL_AMI-11
10068,SHEFFIELD MEDICAL CENTER,800 S COURT STREET,SHEFFIELD,AL,35660,COLBERT,2563865000,Acute Care Hospitals,Non-Profit,Yes,Heart Failure,HF-6,Heart Failure Patients Who Received a Medication Review,87%,26 patients,AL_HF-6
10069,MOODY MEDICAL CENTER,900 MOODY PARKWAY,MOODY,AL,35004,SHELBY,2056402000,Acute Care Hospitals,Proprietary,Yes,Pneumonia,PN-10,Pneumonia Patients Who Were Screened for Tobacco Use,84%,35 patients,AL_PN-10
10050,SOUTHEAST ALABAMA MEDICAL CENTER,1108 ROSS CLARK CIRCLE,DOTHAN,AL,36301,HOUSTON,3347935000,Acute Care Hospitals,Proprietary,Yes,Heart Attack,AMI-7A,Heart Attack Patients Given Fibrinolytic Medication Within 30 Minutes Of Arrival,75%,40 patients,AL_AMI-7A
10050,SOUTHEAST ALABAMA MEDICAL CENTER,1108 ROSS CLARK CIRCLE,DOTHAN,AL,36301,HOUSTON,3347935000,Acute Care Hospitals,Proprietary,Yes,Heart Attack,AMI-8A,Heart Attack Patients Given PCI Within 90 Minutes Of Arrival,82%,30 patients,AL_AMI-8A
10051,BIRMINGHAM MEDICAL CENTER,123 MEDICAL PARKWAY,BIRMINGHAM,AL,35209,JEFFERSON,2059875000,Acute Care Hospitals,Proprietary,Yes,Pneumonia,PN-5C,Pneumonia Patients Given Initial Antibiotic(s) within 6 Hours After Arrival,95%,100 patients,AL_PN-5C
10051,BIRMINGHAM MEDICAL CENTER,123 MEDICAL PARKWAY,BIRMINGHAM,AL,35209,JEFFERSON,2059875000,Acute Care Hospitals,Proprietary,Yes,Heart Attack,AMI-5,Heart Attack Patients Given Beta Blocker at Discharge,90%,20 patients,AL_AMI-5
10052,NORTH ALABAMA MEDICAL CENTER,100 HOSPITAL DRIVE,FLORENCE,AL,35630,LAUDERDALE,2567673000,Acute Care Hospitals,Non-Profit,Yes,Heart Attack,AMI-4,Heart Attack Patients Given Smoking Cessation Advice/Counseling,85%,15 patients,AL_AMI-4
10053,TUSCALOOSA MEDICAL CENTER,3000 HOSPITAL DR,TUSCALOOSA,AL,35401,TUSCALOOSA,2057597000,Acute Care Hospitals,Proprietary,Yes,Pneumonia,PN-5C,Pneumonia Patients Given Initial Antibiotic(s) within 6 Hours After Arrival,92%,50 patients,AL_PN-5C
10053,TUSCALOOSA MEDICAL CENTER,3000 HOSPITAL DR,TUSCALOOSA,AL,35401,TUSCALOOSA,2057597000,Acute Care Hospitals,Proprietary,Yes,Heart Attack,AMI-8A,Heart Attack Patients Given PCI Within 90 Minutes Of Arrival,78%,22 patients,AL_AMI-8A
10054,MOBILE INFIRMARY MEDICAL CENTER,5 MOBILE INfirmary CIRCLE,MOBILE,AL,36607,MOBILE,2514352000,Acute Care Hospitals,Proprietary,Yes,Heart Attack,AMI-7A,Heart Attack Patients Given Fibrinolytic Medication Within 30 Minutes Of Arrival,88%,35 patients,AL_AMI-7A
10054,MOBILE INFIRMARY MEDICAL CENTER,5 MOBILE INfirmary CIRCLE,MOBILE,AL,36607,MOBILE,2514352000,Acute Care Hospitals,Proprietary,Yes,Heart Attack,AMI-5,Heart Attack Patients Given Beta Blocker at Discharge,94%,18 patients,AL_AMI-5
10055,HUNTSVILLE HOSPITAL,101 HUNTSVILLE HOSPITAL DRIVE,HUNTSVILLE,AL,35801,MADISON,2562651000,Acute Care Hospitals,Non-Profit,Yes,Pneumonia,PN-5C,Pneumonia Patients Given Initial Antibiotic(s) within 6 Hours After Arrival,91%,60 patients,AL_PN-5C
10055,HUNTSVILLE HOSPITAL,101 HUNTSVILLE HOSPITAL DRIVE,HUNTSVILLE,AL,35801,MADISON,2562651000,Acute Care Hospitals,Non-Profit,Yes,Heart Attack,AMI-4,Heart Attack Patients Given Smoking Cessation Advice/Counseling,95%,10 patients,AL_AMI-4
10056,LIFEGUARD MEDICAL CENTER,1234 RIVER ROAD,DECATUR,AL,35601,MORGAN,2563404000,Acute Care Hospitals,Proprietary,Yes,Heart Attack,AMI-8A,Heart Attack Patients Given PCI Within 90 Minutes Of Arrival,80%,28 patients,AL_AMI-8A
10056,LIFEGUARD MEDICAL CENTER,1234 RIVER ROAD,DECATUR,AL,35601,MORGAN,2563404000,Acute Care Hospitals,Proprietary,Yes,Pneumonia,PN-5C,Pneumonia Patients Given Initial Antibiotic(s) within 6 Hours After Arrival,93%,40 patients,AL_PN-5C
10057,EAST ALABAMA MEDICAL CENTER,2000 WARRIOR RD,ANNISTON,AL,36201,CALHOUN,2562355000,Acute Care Hospitals,Non-Profit,Yes,Heart Attack,AMI-4,Heart Attack Patients Given Smoking Cessation Advice/Counseling,89%,14 patients,AL_AMI-4
10057,EAST ALABAMA MEDICAL CENTER,2000 WARRIOR RD,ANNISTON,AL,36201,CALHOUN,2562355000,Acute Care Hospitals,Non-Profit,Yes,Heart Attack,AMI-5,Heart Attack Patients Given Beta Blocker at Discharge,76%,25 patients,AL_AMI-5
10058,WALKER REGIONAL MEDICAL CENTER,1000 MCHENRY ST,JASPER,AL,35501,WALKER,2053870511,Acute Care Hospitals,Proprietary,Yes,Pneumonia,PN-5C,Pneumonia Patients Given Initial Antibiotic(s) within 6 Hours After Arrival,90%,70 patients,AL_PN-5C
10058,WALKER REGIONAL MEDICAL CENTER,1000 MCHENRY ST,JASPER,AL,35501,WALKER,2053870511,Acute Care Hospitals,Proprietary,Yes,Heart Attack,AMI-7A,Heart Attack Patients Given Fibrinolytic Medication Within 30 Minutes Of Arrival,85%,36 patients,AL_AMI-7A
10059,PRATTVILLE BAPTIST HOSPITAL,119 S MAIN ST,PRATTVILLE,AL,36067,AUTAUGA,3343612000,Acute Care Hospitals,Non-Profit,Yes,Heart Attack,AMI-8A,Heart Attack Patients Given PCI Within 90 Minutes Of Arrival,82%,20 patients,AL_AMI-8A
10059,PRATTVILLE BAPTIST HOSPITAL,119 S MAIN ST,PRATTVILLE,AL,36067,AUTAUGA,3343612000,Acute Care Hospitals,Non-Profit,Yes,Pneumonia,PN-5C,Pneumonia Patients Given Initial Antibiotic(s) within 6 Hours After Arrival,94%,55 patients,AL_PN-5C
10060,FLORENCE MEDICAL CENTER,400 FLORENCE BLVD,FLORENCE,AL,35630,LAUDERDALE,2567643300,Acute Care Hospitals,Proprietary,Yes,Heart Attack,AMI-5,Heart Attack Patients Given Beta Blocker at Discharge,88%,16 patients,AL_AMI-5
10060,FLORENCE MEDICAL CENTER,400 FLORENCE BLVD,FLORENCE,AL,35630,LAUDERDALE,2567643300,Acute Care Hospitals,Proprietary,Yes,Heart Attack,AMI-7A,Heart Attack Patients Given Fibrinolytic Medication Within 30 Minutes Of Arrival,91%,28 patients,AL_AMI-7A
10061,BAY MEDICAL CENTER,2000 MEDICAL CENTER DR,PANAMA CITY,AL,32405,BAY,8507698341,Acute Care Hospitals,Proprietary,Yes,Heart Attack,AMI-8A,Heart Attack Patients Given PCI Within 90 Minutes Of Arrival,92%,33 patients,AL_AMI-8A
10050,BIRMINGHAM COMMUNITY HOSPITAL,123 MAIN STREET,BIRMINGHAM,AL,35203,JEFFERSON,2055551234,Acute Care Hospitals,Non-Profit,Yes,Heart Attack,AMI-7A,Heart Attack Patients Given Fibrinolytic Medication Within 30 Minutes Of Arrival,75%,20 patients,AL_AMI-7A
10050,BIRMINGHAM COMMUNITY HOSPITAL,123 MAIN STREET,BIRMINGHAM,AL,35203,JEFFERSON,2055551234,Acute Care Hospitals,Non-Profit,Yes,Heart Attack,AMI-8A,Heart Attack Patients Given PCI Within 90 Minutes Of Arrival,88%,15 patients,AL_AMI-8A
10051,HUNTSVILLE MEDICAL CENTER,456 INDUSTRY AVENUE,HUNTSVILLE,AL,35801,MADISON,2565556789,Acute Care Hospitals,Proprietary,Yes,Pneumonia,PN-5C,Pneumonia Patients Given Initial Antibiotic(s) within 6 Hours After Arrival,95%,60 patients,AL_PN-5C
10051,HUNTSVILLE MEDICAL CENTER,456 INDUSTRY AVENUE,HUNTSVILLE,AL,35801,MADISON,2565556789,Acute Care Hospitals,Proprietary,Yes,Heart Attack,AMI-5,Heart Attack Patients Given Beta Blocker at Discharge,92%,10 patients,AL_AMI-5
10052,MOBILE REGIONAL MEDICAL CENTER,789 HOSPITAL DRIVE,MOBILE,AL,36602,MOBILE,2515554321,Acute Care Hospitals,Non-Profit,Yes,Heart Attack,AMI-4,Heart Attack Patients Given Smoking Cessation Advice/Counseling,85%,40 patients,AL_AMI-4
10052,MOBILE REGIONAL MEDICAL CENTER,789 HOSPITAL DRIVE,MOBILE,AL,36602,MOBILE,2515554321,Acute Care Hospitals,Non-Profit,Yes,Pneumonia,PN-6,Pneumonia Patients Who Received Appropriate Vaccination,90%,50 patients,AL_PN-6
10053,TUSCALOOSA MEDICAL CENTER,321 COLLEGE AVENUE,TUSCALOOSA,AL,35401,TUSCALOOSA,2055559876,Acute Care Hospitals,Proprietary,Yes,Heart Attack,AMI-9,Heart Attack Patients Given Statin at Discharge,78%,18 patients,AL_AMI-9
10053,TUSCALOOSA MEDICAL CENTER,321 COLLEGE AVENUE,TUSCALOOSA,AL,35401,TUSCALOOSA,2055559876,Acute Care Hospitals,Proprietary,Yes,Pneumonia,PN-5D,Pneumonia Patients Given Antibiotics Within 4 Hours of Arrival,88%,30 patients,AL_PN-5D
10054,DOTHAN MEDICAL CENTER,654 HEALTHWAY DRIVE,DOTHAN,AL,36303,HOUSTON,3345552468,Acute Care Hospitals,Non-Profit,Yes,Heart Attack,AMI-6,Heart Attack Patients Given Aspirin at Arrival,95%,25 patients,AL_AMI-6
10054,DOTHAN MEDICAL CENTER,654 HEALTHWAY DRIVE,DOTHAN,AL,36303,HOUSTON,3345552468,Acute Care Hospitals,Non-Profit,Yes,Pneumonia,PN-5E,Pneumonia Patients Given Initial Antibiotics Within 6 Hours,92%,35 patients,AL_PN-5E
10055,AUBURN MEDICAL CENTER,987 CAMPUS DRIVE,AUBURN,AL,36830,LEE,3345558642,Acute Care Hospitals,Proprietary,Yes,Heart Attack,AMI-3,Heart Attack Patients Given ACE Inhibitor at Discharge,81%,22 patients,AL_AMI-3
10055,AUBURN MEDICAL CENTER,987 CAMPUS DRIVE,AUBURN,AL,36830,LEE,3345558642,Acute Care Hospitals,Proprietary,Yes,Pneumonia,PN-5A,Pneumonia Patients Requiring Intensive Care Unit Admission,90%,45 patients,AL_PN-5A
10056,FLORENCE MEDICAL CENTER,246 RIVER ROAD,FLORENCE,AL,35630,LAUDERDALE,2565557890,Acute Care Hospitals,Non-Profit,Yes,Heart Attack,AMI-2,Heart Attack Patients Who Received a Timely ECG,95%,30 patients,AL_AMI-2
10056,FLORENCE MEDICAL CENTER,246 RIVER ROAD,FLORENCE,AL,35630,LAUDERDALE,2565557890,Acute Care Hospitals,Non-Profit,Yes,Pneumonia,PN-5B,Pneumonia Patients Admitted to the ICU,85%,55 patients,AL_PN-5B
10057,MONTGOMERY MEDICAL CENTER,135 CAPITAL PARKWAY,MONTGOMERY,AL,36104,MONTGOMERY,3345550987,Acute Care Hospitals,Proprietary,Yes,Heart Attack,AMI-1,Heart Attack Patients Who Received Aspirin Upon Arrival,80%,28 patients,AL_AMI-1
10057,MONTGOMERY MEDICAL CENTER,135 CAPITAL PARKWAY,MONTGOMERY,AL,36104,MONTGOMERY,3345550987,Acute Care Hospitals,Proprietary,Yes,Pneumonia,PN-5F,Pneumonia Patients Who Were Re-assessed for Risk of Readmission,87%,48 patients,AL_PN-5F
10058,SELMA MEDICAL CENTER,789 RIVER STREET,SELMA,AL,36701,DALLAS,3345551235,Acute Care Hospitals,Non-Profit,Yes,Heart Attack,AMI-10,Heart Attack Patients Who Received a Timely Assessment,82%,20 patients,AL_AMI-10
10058,SELMA MEDICAL CENTER,789 RIVER STREET,SELMA,AL,36701,DALLAS,3345551235,Acute Care Hospitals,Non-Profit,Yes,Pneumonia,PN-5G,Pneumonia Patients Who Received Follow-Up Care,89%,45 patients,AL_PN-5G
10059,DECATUR MEDICAL CENTER,234 HOSPITAL ROAD,DECATUR,AL,35601,MORGAN,2565556780,Acute Care Hospitals,Proprietary,Yes,Heart Attack,AMI-11,Heart Attack Patients Given a Timely Cardiac Rehabilitation Referral,84%,27 patients,AL_AMI-11
10059,DECATUR MEDICAL CENTER,234 HOSPITAL ROAD,DECATUR,AL,35601,MORGAN,2565556780,Acute Care Hospitals,Proprietary,Yes,Pneumonia,PN-5H,Pneumonia Patients Who Received Timely Follow-Up,91%,60 patients,AL_PN-5H
10050,SOUTHEAST ALABAMA MEDICAL CENTER,1108 ROSS CLARK CIRCLE,DOTHAN,AL,36301,HOUSTON,3347935000,Acute Care Hospitals,Proprietary,Yes,Heart Attack,AMI-7A,Heart Attack Patients Given Fibrinolytic Medication Within 30 Minutes Of Arrival,75%,30 patients,AL_AMI-7A
10051,NORTHSIDE MEDICAL CENTER,2000 S HICKORY ST,TUSCALOOSA,AL,35405,TUSCALOOSA,2053453200,Acute Care Hospitals,Non-Profit,Yes,Heart Attack,AMI-8A,Heart Attack Patients Given PCI Within 90 Minutes Of Arrival,85%,20 patients,AL_AMI-8A
10052,CHEROKEE MEDICAL CENTER,100 MEDICAL CENTER DRIVE,CENTRE,AL,35960,CHEROKEE,2569271200,Acute Care Hospitals,Proprietary,Yes,Pneumonia,PN-5C,Pneumonia Patients Given Initial Antibiotic(s) within 6 Hours After Arrival,92%,50 patients,AL_PN-5C
10053,BAPTIST MEDICAL CENTER SOUTH,2105 E SOUTH BLVD,MONTGOMERY,AL,36116,MONTGOMERY,3342882100,Acute Care Hospitals,Non-Profit,Yes,Heart Attack,AMI-5,Heart Attack Patients Given Beta Blocker at Discharge,95%,15 patients,AL_AMI-5
10054,JACKSON HOSPITAL,1720 HARRIS WAY,MONTGOMERY,AL,36111,MONTGOMERY,3342938000,Acute Care Hospitals,Non-Profit,Yes,Heart Attack,AMI-4,Heart Attack Patients Given Smoking Cessation Advice/Counseling,100%,5 patients,AL_AMI-4
10055,HUNTSVILLE HOSPITAL,101 HOSPITAL DR SW,HUNTSVILLE,AL,35801,MADISON,2562651000,Acute Care Hospitals,Non-Profit,Yes,Pneumonia,PN-5C,Pneumonia Patients Given Initial Antibiotic(s) within 6 Hours After Arrival,98%,70 patients,AL_PN-5C
10056,BIRMINGHAM MEDICAL CENTER,900 20TH ST S,BIRMINGHAM,AL,35205,JEFFERSON,2059344000,Acute Care Hospitals,Proprietary,Yes,Heart Attack,AMI-7A,Heart Attack Patients Given Fibrinolytic Medication Within 30 Minutes Of Arrival,77%,40 patients,AL_AMI-7A
10057,SHELBY BAPTIST MEDICAL CENTER,1000 1ST ST N,ALABASTER,AL,35007,SHELBY,2056208000,Acute Care Hospitals,Non-Profit,Yes,Heart Attack,AMI-8A,Heart Attack Patients Given PCI Within 90 Minutes Of Arrival,82%,25 patients,AL_AMI-8A
10058,BAY MEDICAL CENTER,800 24TH ST,PANAMA CITY,FL,32405,BAY,8507698341,Acute Care Hospitals,Proprietary,Yes,Pneumonia,PN-5C,Pneumonia Patients Given Initial Antibiotic(s) within 6 Hours After Arrival,96%,60 patients,AL_PN-5C
10059,VALLEY MEDICAL CENTER,300 VALLEY AVE,BIRMINGHAM,AL,35209,JEFFERSON,2058703000,Acute Care Hospitals,Proprietary,Yes,Heart Attack,AMI-5,Heart Attack Patients Given Beta Blocker at Discharge,90%,10 patients,AL_AMI-5
10060,MOBILE INFIRMARY MEDICAL CENTER,5 MOBILE INFRY BLVD,MOBILE,AL,36607,MOBILE,2514352000,Acute Care Hospitals,Proprietary,Yes,Pneumonia,PN-5C,Pneumonia Patients Given Initial Antibiotic(s) within 6 Hours After Arrival,94%,55 patients,AL_PN-5C
10061,TALLADEGA HEALTHCARE,200 HOSPITAL DR,TALLADEGA,AL,35160,TALLADEGA,2567612000,Acute Care Hospitals,Non-Profit,Yes,Heart Attack,AMI-4,Heart Attack Patients Given Smoking Cessation Advice/Counseling,100%,3 patients,AL_AMI-4
10062,CULLMAN REGIONAL MEDICAL CENTER,1912 ALABAMA HWY 157,CULLMAN,AL,35058,CULLMAN,2567372000,Acute Care Hospitals,Proprietary,Yes,Heart Attack,AMI-7A,Heart Attack Patients Given Fibrinolytic Medication Within 30 Minutes Of Arrival,80%,20 patients,AL_AMI-7A
10063,BLOUNT MEMORIAL HOSPITAL,1500 1ST ST N,ONEONTA,AL,35121,BLOUNT,2052744000,Acute Care Hospitals,Proprietary,Yes,Pneumonia,PN-5C,Pneumonia Patients Given Initial Antibiotic(s) within 6 Hours After Arrival,91%,45 patients,AL_PN-5C
10064,FAYETTE MEDICAL CENTER,1001 S TEMPLE AVE,FAYETTE,AL,35555,FAYETTE,2059323200,Acute Care Hospitals,Non-Profit,Yes,Heart Attack,AMI-5,Heart Attack Patients Given Beta Blocker at Discharge,88%,10 patients,AL_AMI-5
10065,LIMESTONE MEDICAL CENTER,1000 W MARKET ST,ATHENS,AL,35611,LIMESTONE,2562331000,Acute Care Hospitals,Proprietary,Yes,Heart Attack,AMI-8A,Heart Attack Patients Given PCI Within 90 Minutes Of Arrival,84%,18 patients,AL_AMI-8A
10066,DECATUR MORGAN HOSPITAL,1201 14TH ST SE,DECATUR,AL,35601,MORGAN,2563402000,Acute Care Hospitals,Non-Profit,Yes,Pneumonia,PN-5C,Pneumonia Patients Given Initial Antibiotic(s) within 6 Hours After Arrival,97%,65 patients,AL_PN-5C
10067,PRATTVILLE BAPTIST HOSPITAL,1300 W MAIN ST,PRATTVILLE,AL,36067,AUTAUGA,3343617000,Acute Care Hospitals,Non-Profit,Yes,Heart Attack,AMI-4,Heart Attack Patients Given Smoking Cessation Advice/Counseling,100%,4 patients,AL_AMI-4
10068,TUSCALOOSA VA MEDICAL CENTER,3701 5TH ST,TUSCALOOSA,AL,35405,TUSCALOOSA,2055542000,Acute Care Hospitals,Federal,Yes,Heart Attack,AMI-7A,Heart Attack Patients Given Fibrinolytic Medication Within 30 Minutes Of Arrival,89%,35 patients,AL_AMI-7A
10069,CHILDERSBURG HEALTHCARE,100 HOSPITAL DR,CHILDERSBURG,AL,35044,TALLADEGA,2563782000,Acute Care Hospitals,Proprietary,Yes,Pneumonia,PN-5C,Pneumonia Patients Given Initial Antibiotic(s) within 6 Hours After Arrival,93%,75 patients,AL_PN-5C
10050,BIRMINGHAM HEART CLINIC,123 HEART AVENUE,BIRMINGHAM,AL,35209,JEFFERSON,2055551234,Cardiac Care Hospitals,Non-Profit,Yes,Heart Attack,AMI-9A,Heart Attack Patients Receiving Statin Medication at Discharge,92%,30 patients,AL_AMI-9A
10051,MONTGOMERY PULMONARY CLINIC,456 PULMONARY DRIVE,MONTGOMERY,AL,36104,MONTGOMERY,3345555678,Specialty Hospitals,Proprietary,Yes,Pneumonia,PN-6,Pneumonia Patients Given Initial Antibiotic(s) Within 4 Hours After Arrival,88%,75 patients,AL_PN-6
10052,HUNTSVILLE GENERAL HOSPITAL,789 HEALTHCARE BLVD,HUNTSVILLE,AL,35801,MADISON,2565554321,General Hospitals,Public,Yes,Heart Attack,AMI-10A,Heart Attack Patients Given Aspirin at Arrival,95%,40 patients,AL_AMI-10A
10053,TUSCALOOSA REHABILITATION CENTER,321 RECOVERY ROAD,TUSCALOOSA,AL,35401,TUSCALOOSA,2055558765,Rehabilitation Hospitals,Non-Profit,No,Stroke,STK-2,Stroke Patients Who Received Thrombolytic Therapy,90%,15 patients,AL_STK-2
10054,DOTHAN MEDICAL CENTER,654 HEALTH ST,DOTHAN,AL,36303,HOUSTON,3345557890,Acute Care Hospitals,Proprietary,Yes,Heart Attack,AMI-11A,Heart Attack Patients Given ACE Inhibitor at Discharge,85%,22 patients,AL_AMI-11A
10055,PHENIX CITY HOSPITAL,987 HEALTH WAY,PHENIX CITY,AL,36867,RUSSELL,3345553456,Acute Care Hospitals,Public,Yes,Pneumonia,PN-7A,Pneumonia Patients Who Received Pneumococcal Vaccination,91%,50 patients,AL_PN-7A
10056,AUBURN FAMILY HOSPITAL,222 FAMILY DR,AUBURN,AL,36830,LEE,3345552345,General Hospitals,Proprietary,Yes,Heart Attack,AMI-12A,Heart Attack Patients Given Smoking Cessation Advice,97%,10 patients,AL_AMI-12A
10057,GULF COAST MEDICAL CENTER,555 COASTAL BLVD,GULF SHORES,AL,36542,BALDWIN,2515556789,Acute Care Hospitals,Public,Yes,Heart Attack,AMI-13A,Heart Attack Patients Who Received Cardiac Rehabilitation,89%,35 patients,AL_AMI-13A
10058,SELMA MEDICAL CENTER,333 MEDICAL PARK,SELMA,AL,36701,DALLAS,3345550987,Acute Care Hospitals,Proprietary,Yes,Pneumonia,PN-8A,Pneumonia Patients Admitted to Intensive Care Unit,86%,20 patients,AL_PN-8A
10059,ALABASTER MEDICAL CENTER,444 SOUTHEAST WAY,ALABASTER,AL,35007,SHELBY,2055556543,Acute Care Hospitals,Public,Yes,Heart Attack,AMI-14A,Heart Attack Patients Who Underwent Cardiac Catheterization,90%,28 patients,AL_AMI-14A
10060,FLORENCE HEART CENTER,888 CARDIO WAY,FLORENCE,AL,35630,LAUDERDALE,2565553457,Cardiac Care Hospitals,Proprietary,Yes,Heart Attack,AMI-15A,Heart Attack Patients Who Received a Follow-Up Appointment,93%,18 patients,AL_AMI-15A
10061,TALLADEGA MEDICAL CENTER,777 MEDICAL CTR,TALLADEGA,AL,35160,TALLADEGA,2565557891,Acute Care Hospitals,Public,Yes,Heart Attack,AMI-16A,Heart Attack Patients Who Received Comprehensive Discharge Instructions,87%,45 patients,AL_AMI-16A
10062,CULLMAN REGIONAL MEDICAL CENTER,555 HEALTH STREET,CULLMAN,AL,35055,CULLMAN,2565551235,Acute Care Hospitals,Proprietary,Yes,Pneumonia,PN-9A,Pneumonia Patients Who Received a Follow-Up Appointment,82%,60 patients,AL_PN-9A
10063,BAY MINETTE MEDICAL CENTER,444 RIVER ROAD,BAY MINETTE,AL,36507,Baldwin,2515556780,Acute Care Hospitals,Public,Yes,Heart Attack,AMI-17A,Heart Attack Patients Who Received a Cardiac Stress Test,94%,32 patients,AL_AMI-17A
10064,ONEONTA MEDICAL CENTER,321 MAIN AVE,ONEONTA,AL,35121,BLOUNT,2055557894,Acute Care Hospitals,Proprietary,Yes,Pneumonia,PN-10A,Pneumonia Patients Who Underwent Chest X-Ray,90%,55 patients,AL_PN-10A
10065,CALERA MEDICAL CENTER,789 MEDICAL PARKWAY,CALERA,AL,35040,SHELBY,2055554329,Acute Care Hospitals,Public,Yes,Heart Attack,AMI-18A,Heart Attack Patients Who Received a Cardiac MRI,91%,25 patients,AL_AMI-18A
10066,FULTONDALE MEDICAL CENTER,111 FULTONDALE AVE,FULTONDALE,AL,35068,JEFFERSON,2055556783,Acute Care Hospitals,Proprietary,Yes,Pneumonia,PN-11A,Pneumonia Patients Who Were Admitted to Hospital Within 24 Hours,89%,65 patients,AL_PN-11A
10067,MOBILE HEART HOSPITAL,222 HEARTBEAT LANE,MOBILE,AL,36606,MOBILE,2515551238,Cardiac Care Hospitals,Non-Profit,Yes,Heart Attack,AMI-19A,Heart Attack Patients Who Were Referred for Cardiac Rehabilitation,96%,20 patients,AL_AMI-19A
10068,BESSEMER MEDICAL CENTER,888 MEDICAL AVE,BESSEMER,AL,35020,JEFFERSON,2055556781,Acute Care Hospitals,Public,Yes,Pneumonia,PN-12A,Pneumonia Patients Who Received Follow-Up Care,84%,42 patients,AL_PN-12A
10069,GADSDEN HEART CLINIC,444 CARDIO AVE,GADSDEN,AL,35904,ETOWAH,2565557899,Cardiac Care Hospitals,Proprietary,Yes,Heart Attack,AMI-20A,Heart Attack Patients Who Had a Follow-Up Visit,92%,14 patients,AL_AMI-20A
10100,SOUTHERN HOSPITAL,1234 SOUTH MAIN STREET,MONTGOMERY,AL,36104,MONTGOMERY,3345551234,Acute Care Hospitals,Non-Profit,Yes,Heart Attack,AMI-7A,Heart Attack Patients Given Fibrinolytic Medication Within 30 Minutes Of Arrival,75%,40 patients,AL_AMI-7A
10100,SOUTHERN HOSPITAL,1234 SOUTH MAIN STREET,MONTGOMERY,AL,36104,MONTGOMERY,3345551234,Acute Care Hospitals,Non-Profit,Yes,Pneumonia,PN-5C,Pneumonia Patients Given Initial Antibiotic(s) within 6 Hours After Arrival,95%,60 patients,AL_PN-5C
10101,NORTH ALABAMA MEDICAL CENTER,5678 NORTH AVENUE,HUNTSVILLE,AL,35801,MADISON,2565556789,Acute Care Hospitals,Proprietary,Yes,Heart Attack,AMI-8A,Heart Attack Patients Given PCI Within 90 Minutes Of Arrival,82%,30 patients,AL_AMI-8A
10101,NORTH ALABAMA MEDICAL CENTER,5678 NORTH AVENUE,HUNTSVILLE,AL,35801,MADISON,2565556789,Acute Care Hospitals,Proprietary,Yes,Heart Attack,AMI-5,Heart Attack Patients Given Beta Blocker at Discharge,90%,20 patients,AL_AMI-5
10102,RIVER VALLEY HOSPITAL,910 RIVER ROAD,SELMA,AL,36701,DALLAS,3345554321,Acute Care Hospitals,Non-Profit,Yes,Pneumonia,PN-5C,Pneumonia Patients Given Initial Antibiotic(s) within 6 Hours After Arrival,92%,55 patients,AL_PN-5C
10102,RIVER VALLEY HOSPITAL,910 RIVER ROAD,SELMA,AL,36701,DALLAS,3345554321,Acute Care Hospitals,Non-Profit,Yes,Heart Attack,AMI-4,Heart Attack Patients Given Smoking Cessation Advice/Counseling,85%,15 patients,AL_AMI-4
10103,LAKESIDE MEDICAL CENTER,3456 LAKEVIEW DRIVE,TUSCALOOSA,AL,35401,TUSCALOOSA,2055557890,Acute Care Hospitals,Proprietary,Yes,Heart Attack,AMI-7A,Heart Attack Patients Given Fibrinolytic Medication Within 30 Minutes Of Arrival,77%,35 patients,AL_AMI-7A
10103,LAKESIDE MEDICAL CENTER,3456 LAKEVIEW DRIVE,TUSCALOOSA,AL,35401,TUSCALOOSA,2055557890,Acute Care Hospitals,Proprietary,Yes,Pneumonia,PN-5C,Pneumonia Patients Given Initial Antibiotic(s) within 6 Hours After Arrival,91%,70 patients,AL_PN-5C
10104,WEST ALABAMA MEDICAL CENTER,789 WEST AVENUE,DEMOPOLIS,AL,36732,MARION,3345556780,Acute Care Hospitals,Non-Profit,Yes,Heart Attack,AMI-8A,Heart Attack Patients Given PCI Within 90 Minutes Of Arrival,78%,28 patients,AL_AMI-8A
10104,WEST ALABAMA MEDICAL CENTER,789 WEST AVENUE,DEMOPOLIS,AL,36732,MARION,3345556780,Acute Care Hospitals,Non-Profit,Yes,Heart Attack,AMI-5,Heart Attack Patients Given Beta Blocker at Discharge,88%,10 patients,AL_AMI-5
10105,EAST ALABAMA MEDICAL CENTER,234 EAST MAIN STREET,AUBURN,AL,36830,LEE,3345558901,Acute Care Hospitals,Non-Profit,Yes,Pneumonia,PN-5C,Pneumonia Patients Given Initial Antibiotic(s) within 6 Hours After Arrival,96%,50 patients,AL_PN-5C
10105,EAST ALABAMA MEDICAL CENTER,234 EAST MAIN STREET,AUBURN,AL,36830,LEE,3345558901,Acute Care Hospitals,Non-Profit,Yes,Heart Attack,AMI-4,Heart Attack Patients Given Smoking Cessation Advice/Counseling,89%,25 patients,AL_AMI-4
10057,NORTH ALABAMA MEDICAL CENTER,500 HOSPITAL DRIVE,FLORENCE,AL,35630,LAUDERDALE,2567604000,Acute Care Hospitals,Non-Profit,Yes,Heart Attack,AMI-10,Heart Attack Patients Who Received Aspirin at Arrival,95%,30 patients,AL_AMI-10
10068,BIRMINGHAM HEART CLINIC,1234 MEDICAL PARKWAY,BIRMINGHAM,AL,35209,JEFFERSON,2051234567,Specialty Hospitals,Proprietary,No,Heart Attack,AMI-6,Heart Attack Patients Given Statin Medication at Discharge,89%,15 patients,AL_AMI-6
10073,TUSCALOOSA HOSPITAL,300 HOSPITAL DRIVE,TUSCALOOSA,AL,35401,TUSCALOOSA,2053456789,Acute Care Hospitals,Non-Profit,Yes,Pneumonia,PN-6,Pneumonia Patients Given Appropriate Antibiotic(s) Within 24 Hours,92%,50 patients,AL_PN-6
10085,MONTGOMERY MEDICAL CENTER,789 MEDICAL LANE,MONTGOMERY,AL,36104,MONTGOMERY,3349876543,Acute Care Hospitals,Proprietary,Yes,Heart Attack,AMI-9,Heart Attack Patients Who Received Therapy Within 30 Minutes,88%,20 patients,AL_AMI-9
